funderIdentifier	funderIdentifierType	funderName	dataset_count
10.13039/501100001823	Crossref Funder ID	Ministry of Education Youth and Sports	650
019w4f821	ROR	European Union	365
10.13039/501100001824	Crossref Funder ID	Czech Science Foundation	271
https://ror.org/01pv73b02	ROR	Czech Science Foundation	271
10.13039/501100000780	Crossref Funder ID	European Commission	210
		Ministerstvo školství, mládeže a tělovýchovy	130
https://ror.org/037n8p820	ROR	Ministry of Education Youth and Sports	60
10.13039/100007397	Crossref Funder ID	Charles University	59
https://ror.org/024d6js02	ROR	Charles University	58
https://ror.org/021nxhr62	ROR	National Science Foundation	55
https://ror.org/037n8p820	ROR	Ministry of Education, Youth and Sports (MEYS)	55
10.13039/501100002969	Crossref Funder ID	Technology Agency of the Czech Republic	49
10.13039/501100001659	Crossref Funder ID	Deutsche Forschungsgemeinschaft	45
https://ror.org/053avzc18	ROR	Czech Academy of Sciences	42
https://ror.org/00k4n6c32	ROR	European Commission	38
10.13039/501100001809	Crossref Funder ID	National Natural Science Foundation of China	37
https://ror.org/018mejw64	ROR	Deutsche Forschungsgemeinschaft	36
https://ror.org/0472cxd90	ROR	European Research Council	34
10.13039/501100004240	Crossref Funder ID	Czech Academy of Sciences	27
10.13039/501100001711	Crossref Funder ID	Swiss National Science Foundation	26
https://ror.org/0415vcw02	ROR	Czech University of Life Sciences Prague	24
https://ror.org/01h0zpd94	ROR	National Natural Science Foundation of China	23
		Grantová agentura ČR	23
10.13039/100007655	Crossref Funder ID	Czech Technical University in Prague	23
https://ror.org/01pv73b02	ROR	Czech Science Foundation (CSF)	20
10.13039/501100004585	Crossref Funder ID	Brno University of Technology	19
https://ror.org/04v0fk911	ROR	Technology Agency of the Czech Republic	19
10.13039/501100000781	Crossref Funder ID	European Research Council	17
https://ror.org/00hhkn466	ROR	Japan Society for the Promotion of Science	17
https://ror.org/00epmv149	ROR	The Research Council of Norway	14
10.13039/501100013855	Crossref Funder ID	Ministry of the Environment of the Czech Republic	13
https://ror.org/02b5d8509	ROR	Natural Environment Research Council	13
10.13039/501100006443	Crossref Funder ID	VSB - Technical University of Ostrava	13
https://ror.org/00snfqn58	ROR	Fundação para a Ciência e Tecnologia	12
10.13039/501100010653	Crossref Funder ID	Masaryk University	12
10.13039/501100004281	Crossref Funder ID	National Science Center	12
10.13039/501100002428	Crossref Funder ID	FWF Austrian Science Fund	12
https://doi.org/10.13039/501100001824	Crossref Funder ID	Grantová Agentura České Republiky	12
https://ror.org/00jjeja18	ROR	Estonian Research Council	12
https://ror.org/013tf3c58	ROR	FWF Austrian Science Fund	12
10.13039/501100004837	Crossref Funder ID	Ministerio de Ciencia, Innovación y Universidades	11
https://ror.org/019w4f821	ROR	European Union	11
https://ror.org/033n3pw66	ROR	University of South Bohemia in České Budějovice	11
027acbb13	ROR	Government of the Czech Republic	11
https://ror.org/03ha2q922	ROR	National Science Centre (Poland)	11
10.13039/100007654	Crossref Funder ID	Ministry of Transport	11
10.13039/501100007059	Crossref Funder ID	Palacký University Olomouc	11
		Ministerstvo kultury	11
https://ror.org/03zttf063	ROR	Swedish Research Council	10
10.13039/501100009553	Crossref Funder ID	Agentura Pro Zdravotnický Výzkum České Republiky	10
https://ror.org/05k73zm37	ROR	Research Council of Finland	10
https://ror.org/01h531d29	ROR	Natural Sciences and Engineering Research Council	10
10.13039/501100006533	Crossref Funder ID	Ministry of Agriculture	10
10.13039/501100000266	Crossref Funder ID	Engineering and Physical Sciences Research Council	9
https://doi.org/10.13039/501100000266	Crossref Funder ID	Engineering and Physical Sciences Research Council	9
https://ror.org/00y6khe77	ROR	Ministry of Health	9
https://ror.org/003x0zc53	ROR	Agencia Estatal de Investigación	9
10.13039/501100005619	Crossref Funder ID	Ministry of Culture	9
https://ror.org/02mh1ke95	ROR	Russian Foundation for Basic Research	9
		Ministry of Education, Youth and Sports, Czech republic	9
10.13039/501100001665	Crossref Funder ID	Agence Nationale de la Recherche	8
04ydcpm48	ROR	Ministry of Education, Sports and Youth	8
https://ror.org/05m8t8e28	ROR	Agentura Pro Zdravotnický Výzkum České Republiky	8
https://ror.org/00yjd3n13	ROR	Swiss National Science Foundation	8
https://ror.org/03qqnc658	ROR	Czech Academy of Sciences, Institute of Botany	8
https://ror.org/00rbzpz17	ROR	Agence Nationale de la Recherche	8
0496n6574	ROR	Czech Academy of Sciences, Institute of Computer Science	7
01pv73b02	ROR	Czech Science Foundation	7
https://ror.org/059bp8k51	ROR	Slovenian Research Agency	7
10.13039/100014013	Crossref Funder ID	UK Research and Innovation	7
https://ror.org/03qtxy027	ROR	Research Foundation - Flanders	7
https://ror.org/012kf4317	ROR	Alexander von Humboldt Foundation	7
https://ror.org/05r0vyz12	ROR	Ministerio de Ciencia e Innovación	7
10.13039/501100005357	Crossref Funder ID	Slovak Research and Development Agency	7
10.13039/501100004281	Crossref Funder ID	National Science Centre	7
10.13039/501100000921	Crossref Funder ID	European Cooperation in Science and Technology	7
https://doi.org/10.13039/501100007601	Crossref Funder ID	Horizon 2020	7
10.13039/501100000844	Crossref Funder ID	European Space Agency	7
https://ror.org/05mmh0f86	ROR	Australian Research Council	6
10.13039/501100005416	Crossref Funder ID	The Research Council of Norway	6
https://ror.org/00pz2fp31	ROR	Basque Government	6
https://doi.org/10.13039/501100000268	Crossref Funder ID	Biotechnology and Biological Sciences Research Council	6
https://ror.org/0439y7842	ROR	Engineering and Physical Sciences Research Council	6
		Ministry of Education, Youth and Sports of the Czech Republic*	6
https://ror.org/03g87he71	ROR	Division of Environmental Biology	6
https://ror.org/032hzqh22	ROR	RECETOX	6
https://ror.org/03pjs1y45	ROR	
        Swedish Research Council for Environment Agricultural Sciences and
        Spatial Planning
      	5
		https://ror.org/003x0zc53	5
https://ror.org/04pz7b180	ROR	Federal Ministry of Education and Research	5
10.13039/501100004578	Crossref Funder ID	Ministry of Industry and Trade	5
https://ror.org/03ha2q922	ROR	Narodowe Centrum Nauki	5
https://ror.org/03h7qq074	ROR	Slovak Academy of Sciences	5
10.13039/501100005280	Crossref Funder ID	Technical University of Liberec	5
https://ror.org/05w1nn565	ROR	Ministry of the Interior	5
05a4cm665	ROR	Government of Norway	5
https://ror.org/059bp8k51	ROR	The Slovenian Research and Innovation Agency	4
https://ror.org/01q3tbs38	ROR	King Abdullah University of Science and Technology	4
https://ror.org/01njdr168	ROR	Finnish Academy of Science and Letters	4
00k4n6c32	ROR	European Commission	4
10.13039/501100004569	Crossref Funder ID	Ministry of Science and Higher Education	4
https://ror.org/039djdh30	ROR	German Academic Exchange Service	4
https://ror.org/01p7k1986	ROR	Central European Institute of Technology	4
https://ror.org/051aqjh92	ROR	Ministry of Education and Research	4
https://ror.org/05cvqmv08	ROR	BiodivERsA	4
https://ror.org/01kpjmx04	ROR	Carlsberg Foundation	4
https://doi.org/10.13039/501100001659	Crossref Funder ID	Deutsche Forschungsgemeinschaft	4
https://ror.org/03ha2q922	ROR	National Science Center	4
10.13039/501100002341	Crossref Funder ID	Academy of Finland	4
https://ror.org/02vcxyt85	ROR	Axencia Galega de Innovacion	4
10.13039/100000002	Crossref Funder ID	National Institutes of Health	4
https://ror.org/05bcgdd94	ROR	Czech Academy of Sciences, Institute of Vertebrate Biology	4
10.13039/100000015	Crossref Funder ID	United States Department of Energy	4
		Charles University Grant Agency	4
https://ror.org/049wftm75	ROR	Ministry of Agriculture	4
https://doi.org/10.13039/501100001823	Crossref Funder ID	Ministerstvo Školství, Mládeže a Tělovýchovy	4
10.13039/501100000268	Crossref Funder ID	Biotechnology and Biological Sciences Research Council	4
https://ror.org/04bqh5m06	ROR	National Geographic Society	4
		The Ministry of Education, Youth and Sports of CR	4
		Operational Programme Integrated Infrastructure 	4
10.13039/501100021847	Crossref Funder ID	CSCS - Swiss National Supercomputing Centre	4
https://doi.org/10.13039/501100000288	Crossref Funder ID	The Royal Society	4
013tf3c58	ROR	FWF Austrian Science Fund	4
		Palacký University Olomouc	4
https://ror.org/03ha2q922	ROR	National Science Centre	4
		European Regional Development Fund Project MSCAfellow2 MUNI	4
		Stotzer-Kästli-Stiftung	3
		Karl Mayer Stiftung	3
		GAJU*	3
10.13039/501100003243	Crossref Funder ID	Ministry of Health	3
https://ror.org/007ww2d15	ROR	The Velux Foundations	3
https://ror.org/037nx0e70	ROR	Slovak Research and Development Agency	3
		Czech Academy of Sciences	3
		European Regional Development Fund	3
https://ror.org/051xex213	ROR	Irish Research Council	3
https://ror.org/02ddkpn78	ROR	São Paulo Research Foundation	3
https://doi.org/10.13039/501100008530	Crossref Funder ID	European Regional Development Fund	3
https://ror.org/04rk6w354	ROR	University of Veterinary Sciences Brno	3
https://ror.org/03g2am276	ROR	National Research, Development and Innovation Office	3
03ha2q922	ROR	National Science Center	3
	Other	Ústav biologie obratlovců, Akademie Věd České republiky	3
https://ror.org/04atp4p48	ROR	China Scholarship Council	3
10.13039/100000001	Crossref Funder ID	U.S. National Science Foundation	3
https://ror.org/04nfjn472	ROR	Czech Academy of Sciences, Institute of Organic Chemistry and Biochemistry	3
		Charles University*	3
		Ministry of Education, Youth and Sports of the Czech Republic	3
https://ror.org/00jc20583	ROR	University of Colorado System	3
https://ror.org/05qx3fv49	ROR	National Institute of Food and Agriculture	3
10.13039/501100006447	Crossref Funder ID	University of Zurich	3
04wh80b80	ROR	Czech Academy of Sciences, Institute of Geology	3
https://doi.org/10.13039/501100004240	Crossref Funder ID	Akademie Věd České Republiky	3
10.13039/501100004329	Crossref Funder ID	The Slovenian Research and Innovation Agency	3
https://ror.org/02qg15b79	ROR	Okinawa Institute of Science and Technology Graduate University	3
https://ror.org/027s68j25	ROR	Ministry of Science and Technology of the People's Republic of China	3
10.13039/501100006206	Crossref Funder ID	Czech University of Life Sciences Prague	3
https://ror.org/0436nxt45	ROR	
        Institute of Hydrobiology, Biology Centre, Academy of Sciences of the
        Czech Republic
      	3
10.13039/501100004359	Crossref Funder ID	Swedish Research Council	3
10.13039/501100016367	Crossref Funder ID	University of Chemistry and Technology	3
https://ror.org/006wxqw41	ROR	Gordon and Betty Moore Foundation	3
		OP RDE*	3
https://ror.org/02y7nf053	ROR	Swedish Environmental Protection Agency	3
		
        the Agritech National Research Center from the European Union
        Next-Generation EU*
      	3
		European Union	3
https://ror.org/03gng8t46	ROR	Federal Ministry of Education, Science and Research	3
https://ror.org/00097mb19	ROR	Japan Science and Technology Agency	3
10.13039/501100002347	Crossref Funder ID	Federal Ministry of Education and Research	3
10.13039/501100001843	Crossref Funder ID	Science and Engineering Research Board	3
https://ror.org/04qxnmv42	ROR	Palacký University Olomouc	3
10.13039/501100003827	Crossref Funder ID	National Research, Development and Innovation Office	3
https://ror.org/03ha2q922	ROR	National Science Centre (Poland) (NCN)	3
https://doi.org/10.13039/501100011659	Crossref Funder ID	Lékařská fakulta, Masarykova univerzita	3
10.13039/501100001870	Crossref Funder ID	Foundation for Polish Science	3
10.13039/501100020950	Crossref Funder ID	National Science and Technology Council	3
		European Structural and Investment Funds; Czech Ministry of Education, Youth and Sports	3
10.13039/501100004663	Crossref Funder ID	National Science and Technology Council	3
10.13039/501100014911	Crossref Funder ID	Ministry of Defence	2
10.13039/501100007048	Crossref Funder ID	EEA and Norway Grants	2
		Interreg Czech-Saxony*	2
https://ror.org/04aha0598	ROR	Norwegian Institute for Nature Research	2
		Miljødirektoratet	2
https://ror.org/04q881785	ROR	Ministry of the Environment of the Slovak Republic	2
https://ror.org/058aeep47	ROR	Mendel University in Brno	2
https://ror.org/04e74dh47	ROR	Ministry of the Environment of the Czech Republic	2
		Zigerli-Hegi-Stiftung	2
		Haldimann-Stiftung	2
		Zürcher Tierschutz	2
		Temperatio-Stiftung	2
		Stiftung Ormella	2
https://ror.org/04t48sm91	ROR	Federal Office for the Environment	2
10.13039/501100003246	Crossref Funder ID	Dutch Research Council	2
https://ror.org/048p4fn82	ROR	Carl Tryggers stiftelse för vetenskaplig forskning	2
10.13039/501100000265	Crossref Funder ID	Medical Research Council	2
027taah18	ROR	Czech Academy of Sciences, Institute of Scientific Instruments	2
https://ror.org/03bsmfz84	ROR	Volkswagen Foundation	2
https://ror.org/051rtqg79	ROR	Národní Agentura pro Zemědělský Výzkum	2
		FONCyT*	2
		Swiss National Science Foundation*	2
		Strategic Priority Research Program of Chinese Academy of Sciences*	2
		Strategic Priority Research Programme of the Chinese Academy of Sciences*	2
https://ror.org/031141b54	ROR	Youth Innovation Promotion Association	2
https://ror.org/03cpsrf24	ROR	Lars Hierta Memorial Foundation	2
https://ror.org/0527w1g58	ROR	Helge Ax:son Johnsons Stiftelse	2
https://ror.org/05rnj0j91	ROR	Royal Physiographic Society of Lund	2
https://ror.org/00j62qv07	ROR	Royal Swedish Academy of Sciences	2
		Technologická agentura ČR	2
https://ror.org/03vxy9y38	ROR	Jane and Aatos Erkko Foundation	2
https://ror.org/05qrfxd25	ROR	Russian Academy of Sciences	2
		Czech Science Foundation	2
https://ror.org/01bg62x04	ROR	Government of Catalonia	2
https://ror.org/03swz6y49	ROR	National Council for Scientific and Technological Development	2
https://ror.org/00x0ma614	ROR	Coordenação de Aperfeicoamento de Pessoal de Nível Superior	2
https://ror.org/04q48ey07	ROR	National Institute of General Medical Sciences	2
https://ror.org/03y2gwe85	ROR	Russian Science Foundation	2
https://ror.org/053avzc18	ROR	Academy of Sciences of the Czech Republic (AV ČR)	2
		Italian National Antarctic Research Program (PNRA, www.pnra.it)*	2
https://ror.org/018bh0m68	ROR	HiLIFE – Elämäntieteiden Instituutti	2
https://ror.org/05jwty529	ROR	Kone Foundation	2
		Mendel University in Brno, Czech Republic*	2
https://ror.org/018g1zw27	ROR	Marie-Claire Cronstedts Stiftelse	2
https://ror.org/01znas443	ROR	Ministry of Education, Science and Technological Development	2
https://ror.org/03q83t159	ROR	Fund for Scientific Research	2
https://doi.org/10.13039/501100000288	Crossref Funder ID	Royal Society	2
		Czech Science Foundation*	2
https://ror.org/034900433	ROR	Ministry of Economy, Industry and Competitiveness	2
https://ror.org/00r6akf90	ROR	Spanish Agency for International Development Cooperation	2
10.13039/100009532	Crossref Funder ID	Ministry of the Interior	2
10.13039/501100004837	Crossref Funder ID	Ministerio de Ciencia e Innovación	2
https://ror.org/03xh5a585	ROR	Ministry of Agriculture	2
10.13039/501100004836	Crossref Funder ID	Danmarks Frie Forskningsfond	2
10.13039/501100001732	Crossref Funder ID	Danish National Research Foundation	2
https://ror.org/01dtadb22	ROR	Christensen Fund	2
		Austrian Science Foundation FWF*	2
		German Research Foundation DFG*	2
		Austrian Science Foundation FWF	2
https://ror.org/04jsz6e67	ROR	Dutch Research Council	2
		Basque Government*	2
		Norwegian Taxonomy Initiative*	2
		Institute of Entomology, Biology Centre of the Czech Academy of Sciences*	2
https://ror.org/03wy7n216	ROR	American Ornithological Society	2
		Charles University Research Centre*	2
https://ror.org/01v2m4n16	ROR	Erasmus+	2
		Instituto Antártico Chileno (INACH)*	2
https://ror.org/02ap3w078	ROR	Agencia Nacional de Investigación y Desarrollo	2
https://ror.org/05qbk4x57	ROR	University of Chinese Academy of Sciences	2
		Ministerio de Economía y Competitividad	2
https://ror.org/05pmq5w14	ROR	Deutsche Bundesstiftung Umwelt	2
		National Science Foundation	2
10.13039/100007797	Crossref Funder ID	University of Helsinki	2
10.13039/100000200	Crossref Funder ID	United States Agency for International Development	2
10.13039/501100004576	Crossref Funder ID	Ministry of Agriculture and Rural Development	2
https://doi.org/10.13039/100020618	Crossref Funder ID	Universität Bayreuth	2
	Other	Ústav informatiky, Akademie věd České republiky	2
https://doi.org/10.13039/501100002969	Crossref Funder ID	Technologická Agentura České Republiky	2
https://ror.org/03ffdsr55	ROR	Science and Engineering Research Board	2
05k73zm37	ROR	Academy of Finland	2
		the National Science Foundation of China	2
		the CAS President's International Fellowship Initiative	2
05ggn0a85	ROR	University of Chemistry and Technology, Prague	2
04d836q62	ROR	TU Wien	2
10.13039/100020931	Crossref Funder ID	Central European Research Infrastructure Consortium	2
		Yayasan Sabah Foundation*	2
https://ror.org/01yc7t268	ROR	Washington University in St. Louis	2
https://doi.org/10.13039/100010666	Crossref Funder ID	H2020 Research Infrastructures	2
		Strategic Priority Research Program of the Chinese Academy of Sciences	2
https://ror.org/027acbb13	ROR	Government of the Czech Republic	2
https://ror.org/00r4bna31	ROR	Anatomical Society	2
https://ror.org/00cwqg982	ROR	Biotechnology and Biological Sciences Research Council	2
https://ror.org/001ajjs72	ROR	Cambridge Philosophical Society	2
https://ror.org/02gn6ta77	ROR	Isaac Newton Trust	2
https://ror.org/013meh722	ROR	University of Cambridge	2
https://ror.org/048p4fn82	ROR	Carl Trygger Foundation	2
https://ror.org/03sbyrq11	ROR	Swedish Forest Society Foundation	2
		Stiftelsen Fonden för Skogsvetenskaplig Forskning	2
https://ror.org/050rtva22	ROR	The Geological Survey of Sweden (SGU)	2
		Stiftelsen Extensus	2
		Czech Ministry of Education, Youth and Sports*	2
		Czech Ministry of Education, Youth and Sports	2
https://ror.org/03wnrjx87	ROR	Royal Society	2
https://ror.org/02ma4wv74	ROR	King Abdulaziz University	2
https://ror.org/05pk8mf19	ROR	Department of Agriculture and Rural Development	2
		Internal Grant Agency of Faculty of Environmental Sciences*	2
		Javna Agencija za Raziskovalno Dejavnost RS	2
		Svenska Forskningsrådet Formas	2
https://ror.org/008gjgb19	ROR	Department of Agriculture Food and the Marine	2
https://ror.org/00j8z2m73	ROR	United States-Israel Binational Science Foundation	2
https://ror.org/03pnrep18	ROR	Bernd Thies-Stiftung	2
		Spanish Ministry of Economy, Industry and Competitiveness*	2
https://ror.org/05mj4yh71	ROR	Gobierno del Principado de Asturias	2
https://ror.org/044gwpv05	ROR	Ministry of Education, Science, Research and Sport of the Slovak Republic	2
04v0fk911	ROR	Technology Agency of the Czech Republic	2
10.13039/501100001656	Crossref Funder ID	Helmholtz Association of German Research Centres	2
		Operational Programme Research and Development within the European Regional Development Fund	2
		Research and Development within the European Regional Development Fund	2
https://ror.org/03sx84n71	ROR	Teagasc - The Irish Agriculture and Food Development Authority	2
https://ror.org/00fxxw604	ROR	Ministry of Culture (MK)	2
https://ror.org/053pcb396	ROR	Ministry of Education and Science	2
		Charles University Research Centre Program*	2
https://doi.org/10.13039/501100000287	Crossref Funder ID	Royal Academy of Engineering	2
https://ror.org/006gksa02	ROR	Universidad de Oviedo	2
10.13039/501100004063	Crossref Funder ID	Knut and Alice Wallenberg Foundation	2
		The project was made possible by funding from the Carl Zeiss Foundation. This work is supported by the Deutsche Forschungsgemeinschaft (DFG, German Research Foundation) - 409792180 (Emmy Noether Programme, project: Real Virtual Humans), German Federal Ministry of Education and Research (BMBF): Tübingen AI Center, FKZ: 01IS18039A and the Czech Science Foundation (GA ˇCR) EXPRO (grant no. 23-07973X). Gerard Pons-Moll is a member of the Machine Learning Cluster of Excellence, EXC number 2064/1 - Project number 390727645. Julian Chibane is a fellow of the Meta Research PhD Fellowship Program - area: AR/VR Human Understanding. Riccardo Marin has been supported by the European Union’s Horizon 2020 research and innovation program under the Marie Skłodowska-Curie grant agreement No 101109330.	2
02h8zn861	ROR	e-INFRA	2
		Brazilian National Research Council	2
https://ror.org/04qxnmv42	ROR	Palacký University, Olomouc	2
		MEXT | Japan Society for the Promotion of Science	2
		MCIN/AEI/10.13039/501100011033*	2
https://ror.org/05k73zm37	ROR	Academy of Finland	2
https://doi.org/10.13039/501100004240	Crossref Funder ID	Czech Academy of Sciences	2
		MSCA-ITN - Marie Skłodowska-Curie Innovative Training Networks (ITN)	2
0472cxd90	ROR	European Research Council	2
https://ror.org/02j46qs45	ROR	Masaryk University	2
		Moonshot Research and Development Program	2
https://ror.org/05wnasr61	ROR	Vale Technological Institute	2
https://doi.org/10.13039/501100004963	Crossref Funder ID	Seventh Framework Programme	2
		MeitY, Government of India	2
https://ror.org/05fct5h31	ROR	Military University of Technology in Warsaw	2
https://ror.org/02hcxaq60	ROR	Ministry of Education and Science	2
https://ror.org/01bstzn19	ROR	European Cooperation in Science and Technology	2
https://ror.org/0186yvf62	ROR	Australian Academy of Science	2
10.13039/501100002261	Crossref Funder ID	Russian Foundation for Basic Research	2
03meb8t18	ROR	Center for Advanced Aerospace Technologies	2
		European Commission	2
https://ror.org/05dwvd537	ROR	Ministry of Science and Higher Education (Poland)	2
10.13039/501100001691	Crossref Funder ID	Japan Society for the Promotion of Science	2
10.13039/501100023652	Crossref Funder ID	University of Rijeka	2
https://doi.org/10.13039/100014132	Crossref Funder ID	European Metrology Programme for Innovation and Research	1
	Other	UK Department for Science, Innovation and Technology	1
https://doi.org/10.13039/501100004837	Crossref Funder ID	Ministerio de Ciencia e Innovación	1
https://doi.org/10.13039/100010661	Crossref Funder ID	Horizon 2020 Framework Programme	1
10.13039/501100010812	Crossref Funder ID	Fachagentur Nachwachsende Rohstoffe	1
10.13039/501100001858	Crossref Funder ID	VINNOVA	1
https://doi.org/10.13039/501100000781	Crossref Funder ID	European Research Council	1
		Technological grant agency of the Czech Republic*	1
		Grant agency of Czech University of Life Sciences Prague*	1
		Bohemian Forest National Park*	1
		German Federal Ministry of Transport and Digital Infrastructure (BMVI)*	1
		Deutsche Wildtier Stiftung*	1
		fct/mct*	1
		EU Program Interreg IV 44*	1
		
        Bavarian State Ministry of the Environment and Consumer Protection and
        the Bavarian Health and Food Safety*
      	1
		Interreg Czech-Bayern*	1
		Operational Programme Environment*	1
https://doi.org/10.13039/100015053	Crossref Funder ID	Government of Lower Austria	1
		Interreg Central Europe LECA*	1
		Nature Protection Division of the County Governor’s Office	1
		Charity Foundation from Liechtenstein	1
		Hunting inspectorate of the Canton of Bern	1
		Bauer Stiftung	1
		Plitvice Lakes NP	1
		Public Institution “Priroda”	1
		Riepe Foundation	1
		University Forest Enterpise Masaryk Forest in Křtiny	1
		European Comission	1
https://ror.org/021nxhr62	ROR	U.S. National Science Foundation (NSF)	1
10.13039/501100004622	Crossref Funder ID	Dutch Cancer Society	1
10.13039/501100005632	Crossref Funder ID	National Centre for Research and Development	1
https://ror.org/0245cg223	ROR	University of Freiburg	1
https://ror.org/0112mx960	ROR	Tokyo Institute of Technology	1
https://ror.org/035tnyy05	ROR	John Templeton Foundation	1
		Swedish Research Council*	1
		Belgian Ornithological Research Association*	1
https://ror.org/0030ewy42	ROR	Iberdrola (Spain)	1
		The Government of the Basque Country*	1
		British Trust for Ornithology*	1
		Belgian Ornithological Research Association	1
		The Government of the Basque Country	1
https://ror.org/03w54w620	ROR	British Trust for Ornithology	1
10.13039/501100001708	Crossref Funder ID	International Foundation for Research in Paraplegia	1
10.13039/501100001722	Crossref Funder ID	Royal Netherlands Academy of Arts and Sciences	1
10.13039/100009042	Crossref Funder ID	Universidad de Sevilla	1
https://ror.org/027xav248	ROR	Finnish Cultural Foundation	1
		Ministerstvo Skolstvi, Mladeze a Telovychovy*	1
https://ror.org/03613d656	ROR	Brno University of Technology	1
10.13039/501100006435	Crossref Funder ID	Central European Institute of Technology	1
10.13039/501100011033	Crossref Funder ID	Agencia Estatal de Investigación	1
		
        College of Integrative Sciences and Arts and the Barrett Honors College
        at Arizona State University*
      	1
https://ror.org/03efmqc40	ROR	Arizona State University	1
https://ror.org/01n83er02	ROR	Kerala Agricultural University	1
		European Commission Horizon 2020 Research and Innovation Action*	1
		Hungarian National Research, Development and Innovation Office*	1
		European Commission Horizon 2020 Research and Innovation Action	1
		Hungarian National Research, Development and Innovation Office	1
10.13039/501100010792	Crossref Funder ID	Czech Geological Survey	1
	Other	Ústav pro hydrodynamiku, Akademie věd České republiky	1
https://ror.org/05svhj534	ROR	Danmarks Frie Forskningsfond	1
		Major Special Science and Technology Project of Liaoning Province*	1
		
        Science and Technology Transformation Project of Inner Mongolia
        Autonomous Region*
      	1
https://ror.org/048rj2z13	ROR	Ministry of Education, Culture, Sports, Science and Technology	1
https://ror.org/01pp8nd67	ROR	Smithsonian Institution	1
		CESAM Visiting Staff Platform (UGent)*	1
		Slovak Research and Development Agency *	1
		FONCyT	1
		CESAM Visiting Staff Platform (UGent)	1
		Strategic Priority Research Program of Chinese Academy of Sciences	1
		International Partnership Programme of the Chinese Academy of Sciences*	1
		
        Young Elite Scientist Sponsorship Programme by China Association for
        Science and Technology*
      	1
		
        National Wild Plant Germplasm Resource Center for Shanghai Chenshan
        Botanical Garden *
      	1
https://ror.org/01hc18p32	ROR	Ministerium für Wissenschaft, Forschung und Kunst Baden-Württemberg	1
https://ror.org/03a1kwz48	ROR	University of Tübingen	1
https://doi.org/10.13039/501100005357	Crossref Funder ID	Slovak Research and Development Agency	1
		New Zealand Royal Society Te Aparangi Marsden Grant	1
		University of Auckland Summer Research Scholarship	1
		UNSW Scientia scheme	1
https://ror.org/016nafs32	ROR	Fondo Nacional de Desarrollo Científico y Tecnológico	1
https://ror.org/009xwd568	ROR	University of the Free State	1
https://ror.org/05sn8wf81	ROR	Universidad Nacional de Cuyo	1
https://ror.org/021nxhr62	ROR	U.S. National Science Foundation	1
		Center of Excellence AgroCropFuture	1
https://ror.org/02h9xze43	ROR	Biotrend (Portugal)	1
		Institutional Funding	1
https://ror.org/04nmjep87	ROR	University of California Natural Reserve System	1
10.13039/501100001412	Crossref Funder ID	Council of Scientific and Industrial Research	1
10.13039/501100001501	Crossref Funder ID	University Grants Commission	1
https://ror.org/05r0vyz12	ROR	Ministerio de Ciencia, Innovación y Universidades	1
https://ror.org/03yj89h83	ROR	University of Oulu	1
		Institute of Geology of the Czech Academy of Sciences	1
		Ministerio de Universidades del Gobierno de España, European Union, NextGenerationEU	1
		Universitat Rovira I Virgili	1
https://ror.org/04wh80b80	ROR	Czech Academy of Sciences, Institute of Geology	1
		Inter-Excellence Program*	1
		
        National Sustainability Program of the Czech Ministry of Education,
        Youth and Sports*
      	1
		Inter-Excellence Program	1
10.13039/501100019157	Crossref Funder ID	Fundación para el Fomento de la Investigación Sanitaria y Biomédica de la Comunitat Valenciana	1
10.13039/501100004587	Crossref Funder ID	Instituto de Salud Carlos III	1
01tnh0829	ROR	Universidad Cardenal Herrera CEU	1
10.13039/501100000806	Crossref Funder ID	European Environment Agency	1
10.13039/501100000275	Crossref Funder ID	Leverhulme Trust	1
https://ror.org/02m7axw05	ROR	Japan Society for the Promotion of Science	1
		Czech OP RDE*	1
		Italian National Antarctic Research Program (PNRA, www.pnra.it)	1
		Czech OP RDE	1
https://ror.org/05n6zma86	ROR	Societas pro Fauna et Flora Fennica	1
https://ror.org/030yben02	ROR	Waldemar von Frenckells Stiftelse	1
https://ror.org/02mrxfm86	ROR	Nordenskiöld-samfundet	1
		Spain’s Ministry of Economy and Competitiveness*	1
		CGL205-66381P*	1
https://ror.org/05y9csv14	ROR	Austrian Agency for International Cooperation in Education and Research	1
		German Federal Ministry of Transport and Digital Infrastructure*	1
		Grant Service of Forests of the Czech Republic, s.e.*	1
https://ror.org/05rhyza23	ROR	Institute of Parasitology	1
		German Federal Ministry of Transport and Digital Infrastructure	1
		Grant Service of Forests of the Czech Republic, s.e.	1
		Ministry of Education of the Czech Republic*	1
		European H2020*	1
		Ministry of Education of the Czech Republic	1
		European H2020	1
		University of Catania, Italy*	1
		Universidade do Algarve, Portugal*	1
		European Union Horizon 2020 Research and Innovation Programme*	1
https://ror.org/038jjxj40	ROR	Government of Spain	1
https://ror.org/00eqwze33	ROR	Basque Centre for Climate Change	1
03z7adb42	ROR	Lesy České republiky	1
https://ror.org/01thb7525	ROR	Institute of Applied Ecology	1
		National Science Centre Poland	1
10.13039/501100008775	Crossref Funder ID	Mendel University in Brno	1
https://ror.org/04xvmv949	ROR	Stiftelsen Anna och Gunnar Vidfelts Fond för Biologisk Forskning	1
		Norwegian Directorate for Nature Management	1
		
        Nature Protection Division of the County Governor's Office for
        Innlandet, Viken, Vestfold and Telemark, Trondelag, Nordland, Troms and
        Finnmark County
      	1
		Charity Foundation from Lichtenstein	1
		Hunting Inspectorate of the Canton of Bern	1
		Regina Bauer Stiftung	1
		Asociación Española de Ecología Terrestre	1
		University of Finance and Administration	1
		Ministry of Agriculture Republica of Latvia *	1
		Directorate of Agriculture in Norway *	1
https://ror.org/0271asj38	ROR	Science Foundation Ireland	1
		Rosemount Environmental Research Station*	1
		Ministry of Culture of the Czech Republic *	1
039fjjj43	ROR	Zlín Region	1
10.13039/100001201	Crossref Funder ID	The Kavli Foundation	1
https://doi.org/10.13039/100018693	Crossref Funder ID	HORIZON EUROPE Framework Programme	1
https://ror.org/03fkcxa91	ROR	Environmental Protection Agency	1
	Other	Ústav biologie obratlovců, Akademie věd České republiky	1
https://ror.org/02yy8x990	ROR	Swedish University of Agricultural Sciences	1
		Czech Academy of Sciences, Institute of Vertebrate Biology*	1
https://doi.org/10.13039/100010665	Crossref Funder ID	Marie Skłodowska-Curie Actions	1
https://ror.org/02qztda51	ROR	Pontificia Universidad Católica del Ecuador	1
https://ror.org/005rt3g54	ROR	Emil Aaltosen Säätiö	1
https://ror.org/040af2s02	ROR	University of Helsinki	1
https://ror.org/04kk6qr76	ROR	Ella and Georg Ehrnrooth Foundation	1
https://ror.org/01xtthb56	ROR	University of Oslo	1
https://ror.org/05nj8rv48	ROR	University of Trnava	1
		Grantov� agentura �R	1
		Ministerstvo �kolstv�, ml�de�e a t�lov�chovy	1
01rkhv978	ROR	Development Fund	1
10.13039/501100002855	Crossref Funder ID	Ministry of Science and Technology of the People's Republic of China	1
10.13039/100018227	Crossref Funder ID	National Research Foundation of Ukraine	1
10.13039/501100004421	Crossref Funder ID	Warsaw University of Technology	1
https://ror.org/00p9p2506	ROR	Ministry of Transport (Czechia)	1
10.13039/501100000288	Crossref Funder ID	Royal Society	1
10.13039/100000181	Crossref Funder ID	United States Air Force Office of Scientific Research	1
		Joint Programme – Neurodegenerative Disease Research	1
053avzc18	ROR	Czech Academy of Sciences	1
02bvcjw39	ROR	Czech Academy of Sciences, Institute of Archaeology, Brno	1
040p1ka70	ROR	Ministerio de Hacienda y Función Pública	1
		Grant Agency of Czech Republic	1
		USB Postdoc project	1
		Darwin Initiative for the Survival of Species	1
https://doi.org/10.13039/501100006727	Crossref Funder ID	Hochschuljubiläumsstiftung der Stadt Wien	1
		
        European Research Council (ERC) under the European Union’s Horizon 2020
        research and innovation programme
      	1
		European Union’s Horizon 2020	1
		German Research Foundation DFG	1
		
        Isaac Newton Trust/Wellcome Trust ISSF/University of Cambridge Joint
        Research Grants Scheme*
      	1
		The Wildlife Trust for Bedfordshire, Cambridgeshire and Northamptonshire*	1
		J Arthur Ramsay Trust Fund*	1
		The Wildlife Trust for Bedfordshire, Cambridgeshire and Northamptonshire	1
		J Arthur Ramsay Trust Fund	1
		
        European Union’s Horizon 2020 Research and Innovation Program under the
        Marie Skłodowska-Curie Grant Agreement
      	1
		Research Council of Norway and UiT The Arctic University of Norway	1
		Norwegian Research Council*	1
		Institute of Entomology, BC CAS*	1
		Institute of Entomology, BC CAS	1
https://ror.org/05skxkv18	ROR	Institute of Zoology	1
		University of South Bohemia Grant Agency*	1
		
        Pro-Natura International, the National Museum of Natural History (MNHN,
        France) and the Institut de Recherche pour le Développement (IRD,
        France) in partnership with the Royal Belgian Institute of Natural
        Sciences, NGBRC and the University of Papua New Guinea*
      	1
		University of South Bohemia Grant Agency	1
		Lengguru Project*	1
https://ror.org/03j65n394	ROR	Laboratoire d'Excellence TULIP	1
		Lengguru Project	1
		Czech Science Foundation *	1
https://ror.org/053g4km55	ROR	Wildlife Reserves Singapore Conservation Fund	1
		Joan Mosenthal DeWind Award by Xerces Society*	1
		Joan Mosenthal DeWind Award by Xerces Society	1
		Consellería de Educación, Investigación, Cultura y Deporte, Valencia, Spain*	1
https://ror.org/03v0pmy70	ROR	United States Department of the Interior	1
		Consellería de Educación, Investigación, Cultura y Deporte, Valencia, Spain	1
		Operační Program Výzkum, Vývoj a Vzdělávání*	1
		Operační Program Výzkum, Vývoj a Vzdělávání	1
		Plan Nacional de I+D+i*	1
		MSMT INTER-EXCELLENCE*	1
		Plan Nacional de I+D+i	1
		MSMT INTER-EXCELLENCE	1
		PRIMUS Research Programme of Charles University*	1
		PRIMUS Research Programme of Charles University	1
https://ror.org/04ev03g22	ROR	Science for Life Laboratory	1
https://ror.org/05ynxx418	ROR	Linköping University	1
https://ror.org/04fzhyx73	ROR	Taizhou University	1
		Charles University Grant SVV*	1
		Charles University Grant SVV	1
https://ror.org/01jty7g66	ROR	German Center for Integrative Biodiversity Research	1
https://ror.org/05pq4yn02	ROR	Biology Centre of the Czech Academy of Sciences	1
https://ror.org/043z4tv69	ROR	National Institute of Allergy and Infectious Diseases	1
		Polish Ministry of Science and Higher Education*	1
		Norwegian Taxonomy Initiative	1
		Polish Ministry of Science and Higher Education	1
		Institute of Entomology, Biology Centre of the Czech Academy of Sciences	1
https://ror.org/046k81c97	ROR	National Institute for Medical Research Development	1
		Grant-in-aid for JSPS research fellow*	1
		Grant-in-aid for JSPS research fellow	1
https://ror.org/00djwmt25	ROR	University Grants Committee	1
https://ror.org/02ttsq026	ROR	University of Colorado Boulder	1
https://ror.org/03etema57	ROR	Association for Institutional Research	1
https://ror.org/05c7j7r25	ROR	Consejo Nacional de Ciencia, Tecnología e Innovación Tecnológica	1
https://ror.org/053fyjq47	ROR	Consejo Nacional de Innovación, Ciencia y Tecnología	1
		
        Cooperative Agreement between the USDA FS Pacific Southwest Research
        Station and the University of Tennessee*
      	1
		
        University of Tennessee Institute of Agriculture, Departments of
        Entomology and Plant Pathology and Plant Sciences*
      	1
https://ror.org/00ynnr806	ROR	Royal Botanic Gardens, Kew	1
		Ramon y Cajal fellowship*	1
https://ror.org/00rm5fa18	ROR	Garfield Weston Foundation	1
		Shanghai Sailing Program*	1
		Shanghai Pujiang Program*	1
https://ror.org/03rybxa06	ROR	Ministry of the Environment	1
https://ror.org/02zdz1m23	ROR	Ministry of Agriculture, Forestry and Fisheries	1
		Okayama Prefectural Office*	1
		Bauer und Stemmler Stiftung*	1
https://ror.org/05v8e1c02	ROR	Massachusetts Department of Fish & Game	1
10.13039/501100008280	Crossref Funder ID	University of Angers	1
020jynt45	ROR	Centre Pays de la Loire	1
https://doi.org/10.13039/100007397	Crossref Funder ID	Charles University	1
10.13039/501100019563	Crossref Funder ID	Czech Academy of Sciences, Institute of Microbiology	1
		e-Infrastruktura CZ	1
https://ror.org/01hhn8329	ROR	Max Planck Society	1
10.13039/501100004189	Crossref Funder ID	Max Planck Society	1
10.13039/501100005204	Crossref Funder ID	Austrian Agency for International Cooperation in Education and Research	1
055546q82	ROR	Ministry of Health	1
05xw0ep96	ROR	Czech Academy of Sciences, Institute of Physiology	1
	Other	Hlavní město Praha - GA KHP	1
02xh5g973	ROR	Ministry of Healthcare	1
https://ror.org/040gcmg81	ROR	National Cancer Institute	1
		AS CR Czech Republic*	1
		AS CR Czech Republic	1
		European Union - Next Generation EU*	1
10.13039/501100001821	Crossref Funder ID	Vienna Science and Technology Fund	1
https://ror.org/01czwga19	ROR	Fondation Leducq	1
		ERDF*	1
		Plants as a tool for sustainable global development	1
https://ror.org/0456r8d26	ROR	Bill & Melinda Gates Foundation	1
https://ror.org/00ac63h31	ROR	International Institute of Tropical Agriculture	1
10.13039/501100000324	Crossref Funder ID	Gatsby Charitable Foundation	1
10.13039/501100004704	Crossref Funder ID	National Research Council of Thailand	1
		Czech Ministry of Health	1
https://ror.org/05epdh915	ROR	United States Army Research Office	1
		
        National Institute of General Medical Sciences of the National
        Institutes of Health through Montana INBRE*
      	1
		Montana State University Undergraduate Scholars Program*	1
02wwpj676	ROR	The State Institution «Public Health Center of the Ministry of Health of Ukraine»	1
10.13039/501100004742	Crossref Funder ID	National Academy of Sciences of Ukraine	1
10.13039/100004415	Crossref Funder ID	North Atlantic Treaty Organization	1
0341vw408	ROR	Ministero dell'università e della ricerca	1
10.13039/100004369	Crossref Funder ID	Eaton (United States)	1
https://ror.org/04wa9t375	ROR	Fonds der Chemischen Industrie	1
10.13039/501100004157	Crossref Funder ID	Maj and Tor Nessling Foundation	1
10.13039/501100006537	Crossref Funder ID	Campus France	1
		Grant Agency of the University of South Bohemia	1
		AUFF NOVA*	1
		AUFF NOVA	1
		Natural Sciences and Engineering Research Council of Canada	1
		STP	1
		Chinese Scholarship Council*	1
		the Third Xinjiang Scientific Expedition Program*	1
https://ror.org/02pry0c91	ROR	Hakai Institute	1
		Cooperation activity with *	1
10.13039/501100003130	Crossref Funder ID	Research Foundation - Flanders	1
		German Embassy in Bolivia	1
https://ror.org/040scgh75	ROR	Comunidad de Madrid	1
https://ror.org/02gfc7t72	ROR	Consejo Superior de Investigaciones Científicas	1
		
        Centro de Estudios de América Latina, Banco Santander and Universidad
        Autónoma de Madrid, Spain
      	1
https://ror.org/00hj54h04	ROR	The University of Texas at Austin	1
		Taylor Family	1
		Davidson Family	1
		Czech Science Foundation (GACR)	1
		European Research Council	1
https://doi.org/10.13039/501100002428	Crossref Funder ID	Austrian Science Fund	1
https://doi.org/10.13039/501100001602	Crossref Funder ID	Science Foundation Ireland	1
https://doi.org/10.13039/501100004543	Crossref Funder ID	China Scholarship Council	1
https://doi.org/10.13039/501100004794	Crossref Funder ID	Centre National de la Recherche Scientifique	1
https://ror.org/04v0fk911	ROR	Technology Agency of the Czech Republic (TA ČR)	1
		The National Fund for Territorial Development and Development (FNADT)	1
		Purpan Engineering School, University of Toulouse in France (EI-PURPAN)	1
https://doi.org/10.13039/501100000265	Crossref Funder ID	Medical Research Council	1
		SoWa Research Infrastructure*	1
		SoWa Research Infrastructure	1
https://ror.org/00trnds81	ROR	Saskatchewan Health Research Foundation	1
		Canadian Lyme Disease Foundation*	1
https://ror.org/023xf2a37	ROR	Public Health Agency of Canada	1
		Western College of Veterinary Medicine - Wildlife Health Research Fund*	1
		University of Saskatchewan College of Graduate and Postdoctoral Studies*	1
https://ror.org/00t354q81	ROR	Association of Zoos and Aquariums	1
https://ror.org/024hyk965	ROR	Darwin Initiative	1
		Papa New Guinea Mama Graun Conservation Trust Fund*	1
		Conservation Endowment Fund*	1
		Ministry of Education, Youth and Science of the Czech Republic*	1
		National Council of Rectors from Costa Rica*	1
		Soil and Water Research Infrastructure*	1
https://ror.org/012mzw131	ROR	Leverhulme Trust	1
https://ror.org/013aysd81	ROR	National Research Foundation of Korea	1
https://ror.org/0341vw408	ROR	Ministero dell'università e della ricerca	1
		Interreg Austria – Czechia*	1
https://ror.org/03fcabp80	ROR	European Climate, Infrastructure and Environment Executive Agency	1
https://ror.org/001aqnf71	ROR	UK Research and Innovation	1
https://ror.org/04mhx6838	ROR	National Institute on Deafness and Other Communication Disorders	1
https://ror.org/04xeg9z08	ROR	National Institute of Mental Health	1
https://ror.org/04t0s7x83	ROR	National Institute of Mental Health	1
https://ror.org/02ebx7v45	ROR	International Human Frontier Science Program Organization	1
https://ror.org/04jw21793	ROR	Federal Ministry of Food and Agriculture	1
00wzqmx94	ROR	Czech Academy of Sciences, Institute of Biotechnology	1
https://doi.org/10.13039/501100003335	Crossref Funder ID	Ministry of Education, Youth and Science	1
10.13039/100000104	Crossref Funder ID	National Aeronautics and Space Administration	1
		Shey Phoksundo National Park	1
https://ror.org/037n8p820	ROR	Ministerstvo školství, mládeže a tělovýchovy	1
https://ror.org/03cqe8w59	ROR	Consejo Nacional de Investigaciones Científicas y Técnicas	1
https://ror.org/056tb7j80	ROR	Universidad Nacional de Córdoba	1
https://ror.org/05hs6h993	ROR	Michigan State University	1
https://ror.org/01na82s61	ROR	United States Department of Agriculture	1
		Czech University of Life Sciences Prague*	1
		ERA-NET C-IPM project BioAWARE*	1
		INRAE Meta-Program SMaCH*	1
		ERA-NET C-IPM project BioAWARE	1
		INRAE Meta-Program SMaCH	1
		National Trust and Forest Service NI*	1
		Department for Economy Global Challenges Research Fund*	1
https://ror.org/0161w0r98	ROR	Department for the Economy	1
https://ror.org/032atxq54	ROR	David and Lucile Packard Foundation	1
https://ror.org/02czsnj07	ROR	Deakin University	1
		EVA4.0*	1
		OPRDE*	1
		Department for Economy Global Challenges Research Fund	1
		Packard Foundation Fellowship	1
		Department for the Economy studentship to JPT	1
		Royal Society/Wolfson Lab refurbishment scheme	1
		
        Advanced research supporting the forestry and wood-processing
        sector's adaptation to global change and the 4th industrial
        revolution
      	1
https://ror.org/03n51vw80	ROR	Croatian Science Foundation	1
		Operational Program for Competitiveness and Cohesion*	1
		Grant Agency of the Faculty of Environmental Sciences*	1
		New Zealand Ministry of Business, Innovation and Employment*	1
https://ror.org/03zmjc935	ROR	US Forest Service	1
https://ror.org/00wtgbr91	ROR	Te Pūnaha Matatini	1
		
        Programme de la famille Sandoz-Monique de Meuron pour la relève
        universitaire, canton Vaud*
      	1
		National Socio-Environmental Synthesis Center*	1
https://ror.org/02qt0xs84	ROR	Humboldt State University	1
		International Emerging Action*	1
		USDA Forest Service International Programs*	1
https://ror.org/04vvzp265	ROR	Mava Foundation	1
https://ror.org/02bxrrf91	ROR	Rufford Foundation	1
		Stiftung Temperatio	1
		World Wildlife Fund	1
		N/A*	1
		Spanish Ministry of Economy and Competitivity*	1
		Aage V. Jensen Naturfond*	1
https://ror.org/00aejfc65	ROR	Consejo Nacional de Ciencia y Tecnología	1
		USDA Hatch Act Formula Funding*	1
https://doi.org/10.13039/501100021261	Crossref Funder ID	Liber Ero Foundation	1
		Radboud Excellence Initiative*	1
		i-Site MUSE*	1
		Paklenica National park*	1
		Israeli Science Foundation*	1
		UK Wolf Conservation Trust*	1
		Plitvice Lakes National Park*	1
		Fondation Segré*	1
		Sigrid Rausing Trust*	1
https://ror.org/04w9kkr77	ROR	Scientific and Technological Research Council of Turkey	1
		Ministry of Agriculture, Forestry and Food, Slovenia*	1
https://ror.org/04e3ssz85	ROR	International Visegrad Fund	1
https://doi.org/10.13039/100021610	Crossref Funder ID	Bureau of International Narcotics and Law Enforcement Affairs	1
		Research Grants Council, Hong Kong*	1
		EU-ACP ECOFAC VI Convention*	1
https://ror.org/03078b858	ROR	Idea Wild	1
https://doi.org/10.13039/100023271	Crossref Funder ID	IGA	1
https://ror.org/036njap13	ROR	Conservation Action Research Network	1
		Czech Ministry of Education, Youth, and Sports*	1
		H.M. received a traineeship grant from the Erasmus+program.	1
		pen Access Funding provided by Universitat Autonoma de Barcelona	1
		Austrian Ministry of Agriculture, Regions and Tourism*	1
https://ror.org/04bs5yc70	ROR	Swiss Federal Institute for Forest, Snow and Landscape Research	1
		city of Lausanne, and cantons of St. Gallen and Solothurn*	1
https://ror.org/0329ynx05	ROR	German Federal Environment Agency	1
		Foreste Casentinesi National Park*	1
https://ror.org/051yxp643	ROR	Max Planck Institute for Biogeochemistry	1
		Georg-August-University Göttingen*	1
		Forestry Research and Competence Centre Gotha*	1
		ANR DECLIC*	1
https://doi.org/10.13039/501100011757	Crossref Funder ID	Nordic Forest Research	1
		Czech Operational Programme "Science, Research, and Education”*	1
		Ministerstvu zemědělství*	1
https://ror.org/014rsed66	ROR	Belgian American Educational Foundation	1
https://ror.org/00cv9y106	ROR	Ghent University	1
		Portuguese National Fund*	1
10.13039/100007212	Crossref Funder ID	Region Västra Götaland	1
		Natural Science Research Project for Anhui Universities	1
https://ror.org/04r15fz20	ROR	Hawassa University	1
https://ror.org/00h3t4h60	ROR	Ministry of Foreign Affairs	1
		Czech Science Foundation GAČR	1
		Operational Programme Research, Development and Education “EVA4.0”	1
		European Union – Next Generation EU	1
https://ror.org/010t7sr36	ROR	Taighde Éireann - Research Ireland	1
https://ror.org/02tyrky19	ROR	Trinity College Dublin	1
https://ror.org/02n53wv45	ROR	Bayerisches Staatsministerium für Umwelt und Verbraucherschutz	1
		Italian Ministry of University and Research	1
		Crop Research Institute*	1
004gem776	ROR	Ministry of Agriculture	1
		
        Austrian Federal Ministry of Agriculture, Forestry, Regions and Water
        Management*
      	1
https://ror.org/04f5ctv63	ROR	Office Français de la Biodiversité	1
		SLU Centre for Biological Control*	1
https://doi.org/10.13039/100019184	Crossref Funder ID	Biodiversa+	1
https://doi.org/10.13039/501100005619	Crossref Funder ID	Ministerstvo Kultury	1
		Federal Office for the Environment, Bern, Switzerland*	1
		Charles University Research Centre Program	1
10.13039/501100007530	Crossref Funder ID	National Taiwan University of Science and Technology	1
10.13039/501100003006	Crossref Funder ID	ETH Zurich	1
		This work is partly funded by the DFG - 409792180 (Emmy Noether Programme, project: Real Virtual Humans), the EU Horizon 2020 project RICAIP (grant agreeement No.857306), and the European Regional Development Fund under project IMPACT (No. CZ.02.1.01/0.0/0.0/15003/0000468).	1
10.13039/100011889	Crossref Funder ID	Diamond Light Source	1
https://ror.org/032hv5121	ROR	Association for the Study of Animal Behaviour	1
https://ror.org/00mvd2t81	ROR	Netherlands Enterprise Agency	1
		EU BEST 2.0*	1
		UK DARWIN DPLUS*	1
https://ror.org/011590k05	ROR	World Wide Fund for Nature	1
		Global Greengrants Fund*	1
		Brazilian National Research Council*	1
		World Wildlife Fund - Brazil*	1
https://ror.org/04tajb587	ROR	Royal Society of New Zealand	1
		Pacific Whale Foundation	1
		EU BEST 2.0	1
		UK DARWIN DPLUS	1
		Global Greengrants Fund	1
		World Wildlife Fund - Brazil	1
		Ministry of Culture of the Czech Republic	1
		PRIMUS Research Fellowship*	1
		PROGRES Q45*	1
		PRIMUS Research Fellowship	1
		PROGRES Q45	1
		LOEWE program of the State of Hesse*	1
https://ror.org/01a44gd51	ROR	Bavarian State Ministry for Science and Art	1
https://ror.org/00wfvh315	ROR	Charles Sturt University	1
https://doi.org/10.13039/501100010459	Crossref Funder ID	Fundación para el futuro de Colombia	1
https://ror.org/02caat392	ROR	Multiple Sclerosis Research Australia	1
https://ror.org/005bvs909	ROR	Royal Melbourne Hospital	1
		MSBase Foundation*	1
https://ror.org/02bfwt286	ROR	Monash University	1
		CharityWorks for MS*	1
		JST SPRING*	1
		Plant Health and Protection - Agricultural Research Council (ARC-PHP)*	1
https://ror.org/04wfr2810	ROR	European Molecular Biology Organization	1
		
        Gouvernement du Canada | Natural Sciences and Engineering Research
        Council of Canada
      	1
		Tula Foundation | Hakai Institute	1
https://ror.org/03zhx9h04	ROR	CaixaBank	1
https://ror.org/02x412q60	ROR	Suomen Luonnonsuojelun Säätiö	1
		Vuokon Luonnonsuojelun Säätiö*	1
https://ror.org/011e9bt93	ROR	United States Air Force Office of Scientific Research	1
024d6js02	ROR	Charles University	1
		Evert and Marion Schligner Foundation*	1
		EU Horizon 2020*	1
https://ror.org/015pzp858	ROR	Government of Ontario	1
10.13039/501100008483	Crossref Funder ID	Nomis Foundation	1
https://doi.org/10.13039/501100003407	Crossref Funder ID	Ministero dell'Università e della Ricerca (MUR)	1
		Charles University Research Centre	1
		Charles University	1
		European Research Council (ERC)	1
https://ror.org/008x57b05	ROR	University of Antwerp	1
10.13039/501100001807	Crossref Funder ID	Fundação de Amparo à Pesquisa do Estado de São Paulo	1
10.13039/501100020217	Crossref Funder ID	Materials Growth and Measurement Laboratory	1
10.13039/100018730	Crossref Funder ID	German Climate Computing Centre	1
10.13039/100000871	Crossref Funder ID	Mayo Clinic	1
10.13039/501100002661	Crossref Funder ID	Fund for Scientific Research	1
		The Czech Health Research Council*	1
10.13039/501100004239	Crossref Funder ID	Poznań University of Technology	1
https://doi.org/10.13039/100000015	Crossref Funder ID	U.S. Department of Energy	1
https://doi.org/10.13039/100006151	Crossref Funder ID	Basic Energy Sciences	1
10.13039/100020655	Crossref Funder ID	European Health and Digital Executive Agency	1
		Subsidy Funding to OIST	1
https://ror.org/02ar66p97	ROR	Latvian Council of Science	1
		
        Agencia Estatal de Investigación, Ministry of Economy, Industry and
        Competitiveness, Spanish Research Council*
      	1
		
        Koneen Säätiö; Biological Interactions Doctoral Programme; Jenny ja
        Antti Wihurin Rahasto*
      	1
		Koneen Säätiö; ; Jenny ja Antti Wihurin Rahasto*	1
https://ror.org/05n3dz165	ROR	University of Jyväskylä	1
https://ror.org/01gpyzq83	ROR	Jenny ja Antti Wihurin Rahasto	1
		Koneen Säätiö; ; Jenny ja Antti Wihurin Rahasto	1
		Strategic Priority Research Program of the Chinese Academy of Sciences*	1
https://ror.org/031pjfg83	ROR	Bard (United Kingdom)	1
https://ror.org/006w34k90	ROR	Howard Hughes Medical Institute	1
https://ror.org/05dxps055	ROR	California Institute of Technology	1
		UTokyo Foundation	1
https://ror.org/01fp77380	ROR	Nichia Corporation (Japan)	1
		Research Foundation for OptoScience and Technology	1
		CLUSTEC	1
		EU H2020-WIDESPREAD-2020-5	1
10.13039/501100000925	Crossref Funder ID	National Health and Medical Research Council	1
10.13039/501100001030	Crossref Funder ID	National Heart Foundation of Australia	1
02c0fsq39	ROR	UGC-DAE Consortium for Scientific Research, Kolkata Centre	1
https://ror.org/03xjwb503	ROR	Université Paris-Saclay	1
10.13039/100020916	Crossref Funder ID	Hungarian Research Network	1
10.13039/501100001381	Crossref Funder ID	National Research Foundation	1
10.13039/501100014690	Crossref Funder ID	Ministerium für Kultur und Wissenschaft des Landes Nordrhein-Westfalen	1
https://ror.org/02kjggt26	ROR	Turun Yliopistosäätiö	1
		The Icelandic Research Fund	1
		The NovoNordisk Foundation	1
		Independent Danish Council for Independent Research	1
https://ror.org/02kk9ec90	ROR	Organization For Tropical Studies	1
https://ror.org/02mpq6x41	ROR	University of Illinois Chicago	1
10.13039/501100003193	Crossref Funder ID	Ministry of Education, Science, Research and Sport of the Slovak Republic	1
10.13039/100010783	Crossref Funder ID	Slovak Academy of Sciences	1
05wtz7m27	ROR	Moravian-Silesian Region	1
https://ror.org/0348bpk17	ROR	Federación Española de Enfermedades Raras	1
		Fundação Guamá, Pará	1
10.13039/501100002808	Crossref Funder ID	Carlsberg Foundation	1
10.13039/100012774	Crossref Funder ID	Innovation Fund Denmark	1
10.13039/100018703	Crossref Funder ID	European Innovation Council	1
https://doi.org/10.13039/501100004965	Crossref Funder ID	Sixth Framework Programme	1
	Other	Swiss Center for Biometrics Research and Testing	1
https://ror.org/05mcs2t73	ROR	Ministry of Higher Education	1
https://ror.org/0331wa828	ROR	Xiamen University Malaysia	1
		
        Korea Environment Industry & Technology Institute (KEITI), Korea
        Ministry of Environment (MOE)*
      	1
037n8p820	ROR	Ministry of Education Youth and Sports	1
03613d656	ROR	Brno University of Technology	1
10.13039/501100006601	Crossref Funder ID	Ministero degli Affari Esteri	1
10.13039/501100002341	Crossref Funder ID	Research Council of Finland	1
		
        Graduiertenförderung Sachsen-Anhalt (scholarship to Maria Sporbert),
        with additional support through institutional funds of Martin Luther
        University Halle-Wittenberg*
      	1
https://ror.org/03egaj678	ROR	Agencia Nacional de Investigación e Innovación	1
https://ror.org/04kdcbs26	ROR	
        Foundation for the Promotion of Applied Scientific Research and
        Technology in Asturias
      	1
https://ror.org/00ghqgy32	ROR	The Ministry of Education and Science of the Russian Federation	1
		EEA collaborative grant*	1
		The Nansen Foundation, The Norwegian Academy of Science and Letters*	1
		Chinese Scholarship Council	1
		Computational Renewables	1
https://ror.org/057q4rt57	ROR	Hospital for Sick Children	1
		Polish National Science Centre*	1
		Ministry of Culture of the Czech Republic*	1
https://ror.org/011ed2d57	ROR	Institut Polaire Français Paul Émile Victor	1
https://ror.org/0314h5y94	ROR	Australian Government	1
		Australian Antarctic program*	1
https://ror.org/03f20jx79	ROR	Ecological Society of Australia	1
		Brno City Municipality*	1
		Internal Grant Agency of Masaryk University*	1
10.13039/100000925	Crossref Funder ID	John Templeton Foundation	1
		MOPGA	1
10.13039/501100003566	Crossref Funder ID	Ministry of Oceans and Fisheries	1
https://ror.org/01cwqze88	ROR	National Institutes of Health	1
10.13039/100016841	Crossref Funder ID	Kone (Finland)	1
04xkqms46	ROR	European Multidisciplinary Seafloor and water column Observatory	1
048w8zr56	ROR	Ministerio del Interior	1
10.13039/501100007835	Crossref Funder ID	Silesian University of Technology	1
10.13039/501100003339	Crossref Funder ID	Consejo Superior de Investigaciones Científicas	1
10.13039/501100002367	Crossref Funder ID	Chinese Academy of Sciences	1
10.13039/100012905	Crossref Funder ID	Department of Science and Technology of Shandong Province	1
10.13039/501100016083	Crossref Funder ID	Taishan University	1
10.13039/501100008118	Crossref Funder ID	Shandong Academy of Sciences	1
10.13039/501100010007	Crossref Funder ID	Sino-German Center for Research Promotion	1
02vpk4745	ROR	Suzhou Science and Technology Bureau	1
01y20q665	ROR	China National Biotechnology (China)	1
10.13039/501100002949	Crossref Funder ID	Government of Jiangsu Province	1
10.13039/501100014434	Crossref Funder ID	Narodowa Agencja Wymiany Akademickiej	1
10.13039/501100002383	Crossref Funder ID	King Saud University	1
		Russian Scientific Foundation*	1
https://ror.org/03sv46s19	ROR	Ministerio de Asuntos Económicos y Transformación Digital	1
		SURTUR*	1
		Russian Scientific Foundation	1
		SURTUR	1
https://doi.org/10.13039/501100000780	Crossref Funder ID	European Commission	1
10.13039/100015053	Crossref Funder ID	Government of Lower Austria	1
https://ror.org/02yhj4v17	Other	Czech Academy of Sciences, Institute of Physics	1
10.13039/100008383	Crossref Funder ID	Federal Ministry of Transport and Digital Infrastructure	1
		Operational Programme Johannes Amos Comenius financed by European Structural and Investment Funds	1
https://ror.org/037n8p820	ROR	Ministry of Education Youth and Sports (Czechia)	1
10.13039/501100005308	Crossref Funder ID	Amada Foundation	1
10.13039/501100003524	Crossref Funder ID	Ministry of Business, Innovation and Employment	1
10.13039/501100004206	Crossref Funder ID	Osaka University	1
10.13039/501100003286	Crossref Funder ID	Kuwait Foundation for the Advancement of Sciences	1
https://ror.org/037n8p820	Other	Ministry of Education Youth and Sports of the Czech Republic	1
004fpq690	ROR	CzechNanoLab Research Infrastructure	1
https://ror.org/00k4n6c32	Other	European Commission	1
00xa57a59	ROR	University of Novi Sad	1
10.13039/501100004488	Crossref Funder ID	Croatian Science Foundation	1
10.13039/501100020812	Crossref Funder ID	Instituto de Astrofísica de Andalucía	1
10.13039/501100019945	Crossref Funder ID	Departament de Recerca i Universitats	1
10.13039/501100003725	Crossref Funder ID	National Research Foundation of Korea	1
